"org.apache.catalina.connector.CoyoteAdapter.postParseRequest(org.apache.coyote.Request, org.apache.catalina.connector.Request, org.apache.coyote.Response, org.apache.catalina.connector.Response)","5.7886605","0.487 ms","3.401 ms","1"
"org.apache.coyote.http11.Http11Processor.prepareResponse()","3.9225008","0.33 ms","1.179 ms","1"
"org.apache.catalina.core.ApplicationFilterChain.internalDoFilter(javax.servlet.ServletRequest, javax.servlet.ServletResponse)","3.5777962","0.301 ms","0.896 ms","1"
"org.apache.naming.resources.FileDirContext.file(String)","3.3519554","0.282 ms","0.343 ms","1"
"org.apache.catalina.core.StandardWrapperValve.invoke(org.apache.catalina.connector.Request, org.apache.catalina.connector.Response)","2.9953644","0.252 ms","1.76 ms","1"
"org.apache.catalina.connector.CoyoteAdapter.service(org.apache.coyote.Request, org.apache.coyote.Response)","2.7100916","0.228 ms","8.495 ms","1"
"org.apache.catalina.connector.Request.getAttribute(String)","2.2584095","0.19 ms","0.285 ms","8"
"org.apache.tomcat.util.buf.StringCache.toString(org.apache.tomcat.util.buf.ByteChunk)","1.9374777","0.163 ms","0.331 ms","2"
"org.apache.catalina.connector.OutputBuffer.close()","1.8661596","0.157 ms","1.668 ms","1"
"org.apache.tomcat.util.http.FastHttpDateFormat.getCurrentDate()","1.8305004","0.154 ms","0.154 ms","1"
"org.apache.tomcat.util.buf.ByteChunk.toStringInternal()","1.7710686","0.149 ms","0.149 ms","2"
"org.apache.catalina.core.StandardContextValve.invoke(org.apache.catalina.connector.Request, org.apache.catalina.connector.Response)","1.6284322","0.137 ms","1.97 ms","1"
"org.apache.tomcat.util.log.SystemLogHandler.println(String)","1.5808867","0.133 ms","0.17 ms","1"
"org.apache.tomcat.util.buf.MessageBytes.equalsIgnoreCase(String)","1.4501367","0.122 ms","0.206 ms","58"
"org.apache.coyote.http11.InternalOutputBuffer.sendStatus()","1.4382503","0.121 ms","0.331 ms","1"
"org.apache.catalina.connector.CoyoteAdapter.parsePathParameters(org.apache.coyote.Request, org.apache.catalina.connector.Request)","1.4382503","0.121 ms","0.243 ms","1"
"org.apache.tomcat.util.http.mapper.Mapper.internalMapWrapper(org.apache.tomcat.util.http.mapper.Mapper.Context, org.apache.tomcat.util.buf.CharChunk, org.apache.tomcat.util.http.mapper.MappingData)","1.4144776","0.119 ms","1.152 ms","1"
"org.apache.catalina.core.StandardHostValve.invoke(org.apache.catalina.connector.Request, org.apache.catalina.connector.Response)","1.3788185","0.116 ms","2.194 ms","1"
"org.apache.catalina.connector.Request.recycle()","1.3788185","0.116 ms","0.236 ms","1"
"org.apache.tomcat.util.http.mapper.Mapper.internalMap(org.apache.tomcat.util.buf.CharChunk, org.apache.tomcat.util.buf.CharChunk, org.apache.tomcat.util.http.mapper.MappingData)","1.3431594","0.113 ms","1.514 ms","1"
"org.apache.catalina.core.ApplicationFilterFactory.createFilterChain(javax.servlet.ServletRequest, org.apache.catalina.Wrapper, javax.servlet.Servlet)","1.2124094","0.102 ms","0.14 ms","1"
"org.apache.catalina.connector.Request.getPathParameter(String)","1.0816593","0.091 ms","0.091 ms","1"
"org.apache.naming.resources.ProxyDirContext.revalidate(org.apache.naming.resources.CacheEntry)","1.0578866","0.089 ms","0.684 ms","1"
"org.apache.naming.resources.ProxyDirContext.cacheLookup(String)","1.0103412","0.085 ms","0.872 ms","2"
"org.apache.catalina.valves.ErrorReportValve.invoke(org.apache.catalina.connector.Request, org.apache.catalina.connector.Response)","0.9865684","0.083 ms","2.505 ms","1"
"org.apache.catalina.connector.Request.isSSLAttribute(String)","0.97468203","0.082 ms","0.08 ms","5"
"org.apache.naming.resources.FileDirContext$FileResourceAttributes.getLastModified()","0.9627957","0.081 ms","0.08 ms","5"
"org.apache.coyote.http11.Http11Processor.action(org.apache.coyote.ActionCode, Object)","0.9509093","0.08 ms","1.428 ms","4"
"org.apache.coyote.http11.InternalOutputBuffer.addActiveFilter(org.apache.coyote.http11.OutputFilter)","0.93902296","0.079 ms","0.091 ms","2"
"org.apache.tomcat.util.buf.ByteChunk.equalsIgnoreCase(String)","0.9271366","0.078 ms","0.086 ms","51"
"org.apache.tomcat.util.buf.MessageBytes.duplicate(org.apache.tomcat.util.buf.MessageBytes)","0.9152502","0.077 ms","0.296 ms","1"
"org.apache.tomcat.util.buf.MessageBytes.isNull()","0.8558184","0.072 ms","0.105 ms","3"
"org.apache.catalina.connector.Response.isCommitted()","0.7726138","0.065 ms","0.065 ms","6"
"org.apache.catalina.connector.CoyoteAdapter.convertURI(org.apache.tomcat.util.buf.MessageBytes, org.apache.catalina.connector.Request)","0.7369547","0.062 ms","0.131 ms","1"
"org.apache.tomcat.util.buf.ByteChunk.append(byte[], int, int)","0.7369547","0.062 ms","0.091 ms","2"
"org.apache.catalina.connector.Response.recycle()","0.72506833","0.061 ms","0.105 ms","1"
"org.apache.catalina.connector.Response.sendAcknowledgement()","0.7012956","0.059 ms","0.22 ms","1"
"org.apache.tomcat.util.http.HttpMessages.getMessage(int)","0.66563654","0.056 ms","0.096 ms","1"
"org.apache.coyote.Response.action(org.apache.coyote.ActionCode, Object)","0.64186376","0.054 ms","1.471 ms","3"
"org.apache.catalina.connector.InputBuffer.recycle()","0.64186376","0.054 ms","0.076 ms","1"
"org.apache.coyote.http11.InternalOutputBuffer.write(byte[])","0.6299774","0.053 ms","0.053 ms","2"
"org.apache.tomcat.util.http.MimeHeaders.setValue(String)","0.59431833","0.05 ms","0.09 ms","1"
"org.apache.catalina.core.StandardHostValve.status(org.apache.catalina.connector.Request, org.apache.catalina.connector.Response)","0.59431833","0.05 ms","0.077 ms","1"
"org.apache.catalina.connector.Request.removeAttribute(String)","0.59431833","0.05 ms","0.05 ms","2"
"org.apache.coyote.http11.InternalOutputBuffer.endRequest()","0.5586592","0.047 ms","0.111 ms","1"
"org.apache.tomcat.util.buf.MessageBytes.equals(String)","0.5586592","0.047 ms","0.046 ms","2"
"org.apache.catalina.core.StandardWrapper.allocate()","0.5586592","0.047 ms","0.077 ms","1"
"org.apache.tomcat.util.http.mapper.Mapper.find(org.apache.tomcat.util.http.mapper.Mapper.MapElement[], org.apache.tomcat.util.buf.CharChunk)","0.54677284","0.046 ms","0.12 ms","6"
"org.apache.catalina.connector.CoyoteAdapter.parseSessionCookiesId(org.apache.coyote.Request, org.apache.catalina.connector.Request)","0.54677284","0.046 ms","0.17 ms","1"
"org.apache.coyote.http11.InternalOutputBuffer.write(int)","0.54677284","0.046 ms","0.058 ms","1"
"org.apache.naming.resources.FileDirContext$FileResourceAttributes.<init>(org.apache.naming.resources.FileDirContext, java.io.File)","0.49922737","0.042 ms","0.127 ms","1"
"org.apache.tomcat.util.http.mapper.Mapper.find(org.apache.tomcat.util.http.mapper.Mapper.MapElement[], org.apache.tomcat.util.buf.CharChunk, int, int)","0.49922737","0.042 ms","0.074 ms","6"
"org.apache.tomcat.util.http.mapper.Mapper.compareIgnoreCase(org.apache.tomcat.util.buf.CharChunk, int, int, String)","0.49922737","0.042 ms","0.056 ms","1"
"org.apache.tomcat.util.buf.UDecoder.convert(org.apache.tomcat.util.buf.MessageBytes, boolean)","0.49922737","0.042 ms","0.095 ms","1"
"org.apache.tomcat.util.buf.UDecoder.convert(org.apache.tomcat.util.buf.ByteChunk, boolean)","0.49922737","0.042 ms","0.053 ms","1"
"org.apache.catalina.connector.CoyoteAdapter.checkNormalize(org.apache.tomcat.util.buf.MessageBytes)","0.48734102","0.041 ms","0.094 ms","1"
"org.apache.catalina.core.StandardEngineValve.invoke(org.apache.catalina.connector.Request, org.apache.catalina.connector.Response)","0.48734102","0.041 ms","2.582 ms","1"
"org.apache.naming.resources.ResourceCache.lookup(String)","0.48734102","0.041 ms","0.068 ms","2"
"org.apache.catalina.connector.Response.getStatus()","0.48734102","0.041 ms","0.04 ms","2"
"org.apache.tomcat.util.buf.MessageBytes.setChars(char[], int, int)","0.47545466","0.04 ms","0.061 ms","3"
"org.apache.catalina.connector.CoyoteAdapter.normalize(org.apache.tomcat.util.buf.MessageBytes)","0.47545466","0.04 ms","0.06 ms","1"
"org.apache.tomcat.util.http.mapper.Mapper.map(org.apache.tomcat.util.buf.MessageBytes, org.apache.tomcat.util.buf.MessageBytes, org.apache.tomcat.util.http.mapper.MappingData)","0.47545466","0.04 ms","1.589 ms","1"
"org.apache.tomcat.util.res.StringManager.getString(String)","0.4635683","0.039 ms","0.039 ms","1"
"org.apache.tomcat.util.buf.ByteChunk.getBytes()","0.4635683","0.039 ms","0.038 ms","3"
"org.apache.coyote.http11.InternalOutputBuffer.write(org.apache.tomcat.util.buf.MessageBytes)","0.4516819","0.038 ms","0.061 ms","4"
"org.apache.tomcat.util.buf.ByteChunk.toString()","0.4516819","0.038 ms","0.37 ms","2"
"org.apache.tomcat.util.buf.MessageBytes.toBytes()","0.43979555","0.037 ms","0.048 ms","1"
"org.apache.tomcat.util.log.SystemLogHandler.findStream()","0.43979555","0.037 ms","0.037 ms","1"
"org.apache.tomcat.util.http.mapper.Mapper.findIgnoreCase(org.apache.tomcat.util.http.mapper.Mapper.MapElement[], org.apache.tomcat.util.buf.CharChunk)","0.4279092","0.036 ms","0.121 ms","1"
"org.apache.catalina.connector.Request.getHost()","0.4279092","0.036 ms","0.036 ms","1"
"org.apache.coyote.Response.acknowledge()","0.4160228","0.035 ms","0.101 ms","1"
"org.apache.catalina.util.RequestUtil.normalize(String, boolean)","0.4160228","0.035 ms","0.035 ms","2"
"org.apache.coyote.http11.InternalOutputBuffer.commit()","0.4160228","0.035 ms","0.058 ms","1"
"org.apache.tomcat.util.buf.MessageBytes.getCharset()","0.4160228","0.035 ms","0.057 ms","1"
"org.apache.catalina.connector.OutputBuffer.doFlush(boolean)","0.40413645","0.034 ms","1.322 ms","1"
"org.apache.tomcat.util.buf.ByteChunk.indexOf(char, int)","0.40413645","0.034 ms","0.047 ms","1"
"org.apache.tomcat.util.buf.CharChunk.getChars()","0.40413645","0.034 ms","0.034 ms","2"
"org.apache.coyote.http11.InternalOutputBuffer.write(String)","0.40413645","0.034 ms","0.032 ms","6"
"org.apache.naming.resources.ProxyDirContext.validate(org.apache.naming.resources.CacheEntry)","0.40413645","0.034 ms","0.033 ms","2"
"org.apache.tomcat.util.buf.ByteChunk.append(org.apache.tomcat.util.buf.ByteChunk)","0.3922501","0.033 ms","0.124 ms","1"
"org.apache.tomcat.util.http.mapper.Mapper.compare(org.apache.tomcat.util.buf.CharChunk, int, int, String)","0.3922501","0.033 ms","0.033 ms","13"
"org.apache.catalina.connector.OutputBuffer.recycle()","0.38036373","0.032 ms","0.036 ms","1"
"org.apache.naming.resources.FileDirContext.getAttributes(String, String[])","0.38036373","0.032 ms","0.502 ms","1"
"org.apache.catalina.connector.Response.finishResponse()","0.38036373","0.032 ms","1.701 ms","1"
"org.apache.tomcat.util.buf.CharChunk.toString()","0.38036373","0.032 ms","0.085 ms","1"
"org.apache.coyote.http11.InternalOutputBuffer.realWriteBytes(byte[], int, int)","0.36847734","0.031 ms","0.031 ms","1"
"org.apache.tomcat.util.buf.StringCache.toString(org.apache.tomcat.util.buf.CharChunk)","0.36847734","0.031 ms","0.053 ms","1"
"org.apache.catalina.core.ApplicationFilterChain.doFilter(javax.servlet.ServletRequest, javax.servlet.ServletResponse)","0.36847734","0.031 ms","0.927 ms","1"
"org.apache.tomcat.util.http.Cookies.getCookieCount()","0.36847734","0.031 ms","0.123 ms","1"
"org.apache.tomcat.util.buf.ByteChunk.isNull()","0.356591","0.03 ms","0.029 ms","4"
"org.apache.tomcat.util.buf.MessageBytes.startsWithIgnoreCase(String, int)","0.34470463","0.029 ms","0.033 ms","2"
"org.apache.tomcat.util.buf.ByteChunk.getLength()","0.34470463","0.029 ms","0.027 ms","5"
"org.apache.tomcat.util.buf.ByteChunk.makeSpace(int)","0.34470463","0.029 ms","0.029 ms","2"
"org.apache.juli.logging.DirectJDKLog.isTraceEnabled()","0.34470463","0.029 ms","0.029 ms","1"
"org.apache.tomcat.util.buf.Ascii.toLower(int)","0.33281827","0.028 ms","0.026 ms","150"
"org.apache.coyote.http11.InternalOutputBuffer.sendHeader(org.apache.tomcat.util.buf.MessageBytes, org.apache.tomcat.util.buf.MessageBytes)","0.33281827","0.028 ms","0.09 ms","2"
"org.apache.naming.resources.ResourceAttributes.<init>()","0.33281827","0.028 ms","0.028 ms","1"
"org.apache.tomcat.util.http.MimeHeaders.getValue(String)","0.33281827","0.028 ms","0.041 ms","2"
"org.apache.catalina.connector.Request.getRequestPathMB()","0.33281827","0.028 ms","0.027 ms","2"
"org.apache.tomcat.util.http.mapper.Mapper.findIgnoreCase(org.apache.tomcat.util.http.mapper.Mapper.MapElement[], org.apache.tomcat.util.buf.CharChunk, int, int)","0.32093188","0.027 ms","0.084 ms","1"
"org.apache.tomcat.util.http.Cookies.processCookies(org.apache.tomcat.util.http.MimeHeaders)","0.32093188","0.027 ms","0.092 ms","1"
"org.apache.catalina.valves.ErrorReportValve.report(org.apache.catalina.connector.Request, org.apache.catalina.connector.Response, Throwable)","0.32093188","0.027 ms","0.041 ms","1"
"org.apache.juli.logging.DirectJDKLog.isDebugEnabled()","0.30904552","0.026 ms","0.026 ms","1"
"org.apache.naming.resources.ResourceCache.find(org.apache.naming.resources.CacheEntry[], String)","0.30904552","0.026 ms","0.026 ms","2"
"org.apache.tomcat.util.buf.MessageBytes.setString(String)","0.30904552","0.026 ms","0.023 ms","8"
"org.apache.naming.resources.FileDirContext$FileResourceAttributes.getContentLength()","0.30904552","0.026 ms","0.026 ms","2"
"org.apache.naming.resources.BaseDirContext.getAttributes(String)","0.29715917","0.025 ms","0.527 ms","1"
"org.apache.tomcat.util.buf.CharChunk.indexOf(String, int, int, int)","0.29715917","0.025 ms","0.025 ms","2"
"org.apache.naming.resources.FileDirContext.normalize(String)","0.29715917","0.025 ms","0.06 ms","2"
"org.apache.tomcat.util.http.MimeHeaders.createHeader()","0.2852728","0.024 ms","0.024 ms","1"
"org.apache.tomcat.util.http.MimeHeaders.findHeader(String, int)","0.27338642","0.023 ms","0.065 ms","1"
"org.apache.tomcat.util.buf.CharChunk.toStringInternal()","0.26150006","0.022 ms","0.022 ms","1"
"org.apache.naming.resources.ProxyDirContext.lookup(String)","0.26150006","0.022 ms","0.857 ms","1"
"org.apache.tomcat.util.buf.CharChunk.setChars(char[], int, int)","0.24961369","0.021 ms","0.02 ms","3"
"org.apache.catalina.connector.Request.setAttribute(String, Object)","0.24961369","0.021 ms","0.021 ms","2"
"org.apache.catalina.core.StandardWrapper.deallocate(javax.servlet.Servlet)","0.24961369","0.021 ms","0.021 ms","1"
"org.apache.tomcat.util.buf.ByteChunk.getCharset()","0.24961369","0.021 ms","0.021 ms","1"
"org.apache.tomcat.util.buf.MessageBytes.toString()","0.22584096","0.019 ms","0.388 ms","14"
"org.apache.tomcat.util.buf.StringCache$ByteEntry.<init>()","0.2139546","0.018 ms","0.018 ms","2"
"org.apache.catalina.core.StandardWrapper.isUnavailable()","0.20206822","0.017 ms","0.017 ms","2"
"org.apache.tomcat.util.buf.ByteChunk.flushBuffer()","0.20206822","0.017 ms","0.049 ms","1"
"org.apache.tomcat.util.http.mapper.Mapper.internalMapExtensionWrapper(org.apache.tomcat.util.http.mapper.Mapper.Wrapper[], org.apache.tomcat.util.buf.CharChunk, org.apache.tomcat.util.http.mapper.MappingData)","0.20206822","0.017 ms","0.03 ms","1"
"org.apache.tomcat.util.buf.CharChunk.equalsIgnoreCase(String)","0.20206822","0.017 ms","0.018 ms","1"
"org.apache.coyote.Request.getNote(int)","0.20206822","0.017 ms","0.016 ms","2"
"org.apache.coyote.Request.action(org.apache.coyote.ActionCode, Object)","0.20206822","0.017 ms","0.029 ms","1"
"org.apache.tomcat.util.http.mapper.MappingData.recycle()","0.20206822","0.017 ms","0.031 ms","1"
"org.apache.catalina.connector.Response.setSuspended(boolean)","0.20206822","0.017 ms","0.017 ms","2"
"org.apache.tomcat.util.http.mapper.Mapper.internalMapExactWrapper(org.apache.tomcat.util.http.mapper.Mapper.Wrapper[], org.apache.tomcat.util.buf.CharChunk, org.apache.tomcat.util.http.mapper.MappingData)","0.19018187","0.016 ms","0.034 ms","1"
"org.apache.naming.resources.FileDirContext$FileResourceAttributes.getCreation()","0.1782955","0.015 ms","0.055 ms","1"
"org.apache.tomcat.util.buf.CharChunk.isNull()","0.16640913","0.014 ms","0.013 ms","5"
"org.apache.catalina.core.ApplicationFilterFactory.getInstance()","0.16640913","0.014 ms","0.014 ms","1"
"org.apache.coyote.http11.filters.IdentityOutputFilter.end()","0.16640913","0.014 ms","0.014 ms","1"
"org.apache.tomcat.util.buf.ByteChunk.indexOf(byte[], int, int, char)","0.16640913","0.014 ms","0.014 ms","2"
"org.apache.tomcat.util.buf.ByteChunk.recycle()","0.15452276","0.013 ms","0.012 ms","7"
"org.apache.coyote.Request.getAttribute(String)","0.15452276","0.013 ms","0.011 ms","5"
"org.apache.coyote.Response.sendHeaders()","0.15452276","0.013 ms","1.287 ms","1"
"org.apache.tomcat.util.buf.MessageBytes.recycle()","0.15452276","0.013 ms","0.014 ms","5"
"org.apache.coyote.Response.finish()","0.1426364","0.012 ms","0.145 ms","1"
"org.apache.catalina.connector.Connector.getContainer()","0.1426364","0.012 ms","0.012 ms","1"
"org.apache.coyote.http11.filters.IdentityOutputFilter.setResponse(org.apache.coyote.Response)","0.1426364","0.012 ms","0.012 ms","1"
"org.apache.tomcat.util.buf.CharChunk.allocate(int, int)","0.1426364","0.012 ms","0.012 ms","1"
"org.apache.catalina.util.ParameterMap.clear()","0.13075003","0.011 ms","0.011 ms","1"
"org.apache.tomcat.util.buf.MessageBytes.setCharset(java.nio.charset.Charset)","0.13075003","0.011 ms","0.011 ms","1"
"org.apache.catalina.connector.RequestFacade.getAttribute(String)","0.13075003","0.011 ms","0.07 ms","3"
"org.apache.coyote.Response.getNote(int)","0.118863665","0.01 ms","0.01 ms","1"
"org.apache.tomcat.util.buf.ByteChunk.indexOf(String, int, int, int)","0.118863665","0.01 ms","0.01 ms","2"
"org.apache.catalina.connector.Request.getRequest()","0.118863665","0.01 ms","0.01 ms","1"
"org.apache.catalina.util.InstanceSupport.fireInstanceEvent(String, javax.servlet.Servlet, javax.servlet.ServletRequest, javax.servlet.ServletResponse)","0.118863665","0.01 ms","0.01 ms","2"
"org.apache.catalina.connector.InputBuffer.close()","0.1069773","0.009 ms","0.009 ms","1"
"org.apache.tomcat.util.http.mapper.Mapper.internalMapWildcardWrapper(org.apache.tomcat.util.http.mapper.Mapper.Wrapper[], int, org.apache.tomcat.util.buf.CharChunk, org.apache.tomcat.util.http.mapper.MappingData)","0.1069773","0.009 ms","0.01 ms","1"
"org.apache.coyote.Response.setContentLength(int)","0.09509093","0.008 ms","0.007 ms","2"
"org.apache.tomcat.util.http.mapper.Mapper.nthSlash(org.apache.tomcat.util.buf.CharChunk, int)","0.09509093","0.008 ms","0.008 ms","1"
"org.apache.catalina.connector.Response.getResponse()","0.09509093","0.008 ms","0.008 ms","1"
"org.apache.coyote.http11.Http11Processor.statusDropsConnection(int)","0.09509093","0.008 ms","0.008 ms","1"
"org.apache.catalina.connector.CoyoteWriter.recycle()","0.08320457","0.007 ms","0.007 ms","1"
"org.apache.tomcat.util.http.MimeHeaders.getValue(int)","0.0713182","0.006 ms","0.006 ms","2"
"org.apache.tomcat.util.buf.MessageBytes.toChars()","0.059431832","0.005 ms","0.006 ms","2"
"org.apache.tomcat.util.buf.ByteChunk.allocate(int, int)","0.059431832","0.005 ms","0.005 ms","1"
"org.apache.catalina.core.StandardPipeline.getFirst()","0.047545467","0.004 ms","0.004 ms","4"
"org.apache.tomcat.util.buf.CharChunk.recycle()","0.047545467","0.004 ms","0.004 ms","6"
"org.apache.tomcat.util.http.MimeHeaders.getName(int)","0.0356591","0.003 ms","0.003 ms","2"
"org.apache.tomcat.util.http.mapper.Mapper.lastSlash(org.apache.tomcat.util.buf.CharChunk)","0.023772733","0.002 ms","0.002 ms","1"
"org.apache.tomcat.util.buf.CharChunk.startsWith(String)","0.023772733","0.002 ms","0.002 ms","3"
"org.apache.coyote.http11.InternalOutputBuffer.endHeaders()","0.023772733","0.002 ms","0.002 ms","1"
"org.apache.tomcat.util.buf.CharChunk.getLength()","0.011886367","0.001 ms","0.001 ms","3"
"org.apache.catalina.core.ApplicationFilterChain.release()","0.011886367","0.001 ms","0.001 ms","1"
